DGE	Genes	Process~name	num_of_Genes	gene_group	percentage%	P-value	Benjamini and Hochberg (FDR)	 Hommel singlewise process	Bonferroni single-step process	Hommel singlewise process	Hochberg step-up process	Benjamini and Yekutieli
down	IGLV3-16; TRBV19; TRBV20-1; TRBV25-1; TRAV12-2; TRAV6; TRAV36DV7; TRAV23DV6; IGLV5-45; TRAV27; TRAV9-2; TRBV18; TRBV13; TRBV6-6; TRAV8-3; TRAV8-1; TRAV16; TRAV19; TRBV9; TRBJ2-3; TRAV2; TRAV13-2; TRAV8-2; TRAV13-1; TRAV3; TRAV5; TRAV8-6; TRAV38-1; TRAV26-2; TRAV4; TRAV20; TRAV17; TRAV25; TRAV21; TRBV5-4; IGKV1-8; TRBJ1-5; TRBV6-2; TRBV6-5; TRBV30; TRBV27; TRBV6-1; TRBV10-3; TRBV7-6; TRBV2; TRBV7-2; TRBV4-2; TRBV3-1; TRBV4-1; TRBV5-1; TRBV11-2; TRBV5-5; TRBV5-6; TRBV14; TRBV29-1; TRAV38-2DV8; SH2D1A; LILRA1; LILRB3; EOMES; CD160; TRBV12-3; TRAV8-4; IGHM; CD3D; TRBV7-9; TRAV29DV5; PRKCB; CD3E; CD3G; TRAV35; CD79A; CD247; CD79B; BTK; ADGRE1; LILRA6; TRAT1; BTNL8; SKAP1; LAX1; LILRB2; CLEC4D; LAT2; CLEC4A; SIT1;	GO:0002250~adaptive immune response	86	347	24.7838616714697	0	0	0	0	0	0	0
down	NCR3; MEFV; PSTPIP1; LY86; ORM1; ITGB2; HCK; ALOX15; AZU1; TNFRSF1B; ITGAL; CXCR2; CCR7; SLC11A1; CXCR3; AIF1; NLRP6; ADAM8; FUT7; NFAM1; KLRG1; PROK2; MMP25; ADGRE2; LY96; PF4; CD14; CCR3; C5AR1; PPBP; CCL24; PF4V1; CCL26; FPR1; PTGER2; C5AR2; FPR2;	GO:0006954~inflammatory response	37	381	9.71128608923885	0	0	0	0	0	0	0
down	CCL24; SIRPB1; SH2B2; PSTPIP1; TYROBP; GMFG; DOK2; LTA; PRKCB; RAC2; ANK1; CD53; CD33; ITGAL; FPR1; C5AR1; CXCR2; TNFRSF8; CSF2RB; LSP1; CD79B; GNG10; BMX; NLRP12; MPP1; LTB; BST1; PNOC; TRAT1; VSTM1; RASGRP2; APBB1IP; TAGAP; LILRA2; LILRB2; NFAM1; CMTM2; NRGN; P2RX5; CMTM5; CMTM7; HSH2D; CSF3R; ARHGAP9; RETN; CABP5; PILRA; CCL26; TNFSF13B; SIT1;	GO:0007165~signal transduction	50	989	5.05561172901921	0	0	0	0	0	0	0
down	SIRPB1; DOK2; LILRA1; LILRB3; IGSF6; CD3D; ASGR2; CD3E; CD14; CD3G; CXCR1; CXCR2; FPR2; CD27; CXCR3; ADGRE1; ADGRG3; LILRB2; NFAM1; KLRG1; ADGRE3; CLEC1B; ADGRE2; CLEC4A; SIGLEC9; LY96; TRBV19; TRBV6-6; TRBV5-1; TRBV6-1; TRBV27; TRBV7-3; TRBV5-5; TRBV3-1; TRBV2; TRBV13; TRBV6-2; TRBV25-1; TRBV7-2; TRBV4-1; TRBV7-6; TRBV29-1; TRBV14; TRBV15; TRBV30; TRBV4-2; TRBV20-1; TRBV6-5; TRBV5-6; TRBV5-4; TRBV9; TRBV12-3; TRBV18; TRBV7-9; TRBV11-2; TRBV10-3;	GO:0007166~cell surface receptor signaling pathway	56	268	20.8955223880597	0	0	0	0	0	0	0
down	SIRPB1; FCN1; SIGLEC5; MGAM; TYROBP; GMFG; FCGR3B; LILRB3; PGLYRP1; SERPINA1; ORM1; PPBP; ITGB2; MPO; ELANE; CD14; FGR; ALOX5; ITGAM; FCGR2A; RNASE3; DEFA4; SELL; MMP9; HSPA6; BPI; CR1; CD53; CD33; AZU1; TNFRSF1B; ITGAL; FPR1; C5AR1; MMP8; FCAR; PRTN3; CXCR1; CXCR2; FPR2; CFP; GCA; PTPN6; FCER1G; CEACAM8; MNDA; FOLR3; SLC11A1; CAMP; HK3; HBB; ADAM8; SIGLEC14; BST1; QPCT; CLEC12A; OLFM4; DOK3; ADGRG3; TBC1D10C; OSCAR; LILRB2; NFAM1; CLEC4D; ARHGAP45; RAB37; HVCN1; MS4A3; ARHGAP9; ADGRE3; RETN; MMP25; BIN2; CD300A; SIGLEC9;	GO:0043312~neutrophil degranulation	75	483	15.527950310559	0	0	0	0	0	0	0
down	LILRA5; CD300LB; SIRPB1; PSTPIP1; TYROBP; SH2D1A; PGLYRP1; LY86; CD160; IGHM; C4BPA; CD14; FGR; ITGAM; RNASE3; DEFA4; NCF1; CD1D; CR1; NCF2; CORO1A; KIR2DS4; CX3CR1; GZMM; NLRP6; BTK; SIGLEC14; CD300E; TNFAIP8L2; TREML1; LILRA2; CLEC4D; KLRG1; LY9; TREM1; TRIM10; CLEC4E; PADI4; CLEC4A; LY96; TRDC; TRBC1; TRBC2; IGLL5; FCER1G; IGHV4-31; BPI; IGHD; CAMP;	GO:0045087~innate immune response	49	505	9.7029702970297	0	0	0	0	0	0	0
down	DOK2; IGLV3-19; IGHM; GYPA; GYPC; ITGB2; GYPB; LCK; CD48; ITGAM; SELL; ITGAL; PTPN6; FCER1G; CEACAM8; SELPLG; JAML; TREM1; SIRPG; VPREB3;	GO:0050900~leukocyte migration	20	193	10.3626943005181	0	0	0	0	0	0	0
up	CYP2C9; CYP2F1; FMO3; CYP2C18; CYP2C19; GSTA1;	GO:0006805~xenobiotic metabolic process	6	94	6.38297872340426	0.00010169281969374	0.00548400597594197	0.117150128287193	0.119183984681068	0.115217964713012	0.117150128287193	0.0419203405090415
up	CYP1A1; CYP2C9; CYP2C19;	GO:0097267~omega-hydroxylase P450 pathway	3	10	30	0.00010690628864107	0.00548400597594197	0.123049138225875	0.125294170287338	0.120912332020728	0.123049138225875	0.0419203405090415
down	LILRA5; ORM1; MMP8; LILRA2;	GO:1904469~positive regulation of tumor necrosis factor secretion	4	22	18.1818181818182	0.00011218774502164	0.00192588962287151	0.16334535675151	0.173330066058436	0.141132183237225	0.16334535675151	0.0152536591009793
up	CAPN8; PGC; GKN1; CYP39A1;	GO:0007586~digestion	4	30	13.3333333333333	0.00011230046367116	0.00548400597594197	0.12903323275817	0.131616143422607	0.125888819775378	0.12903323275817	0.0419203405090415
up	FN1; CYP1A1; INHBA; ITGB4; TGFB2;	GO:0009611~response to wounding	5	62	8.06451612903226	0.00013952120284177	0.0065407539892224	0.160170340862357	0.16351884973056	0.149287687040699	0.160170340862357	0.0499982377147168
down	GATA1; ALAS2; KLF1; TRIM10; AHSP;	GO:0030218~erythrocyte differentiation	5	46	10.8695652173913	0.00013966638970242	0.00234548447924172	0.203214597017021	0.215784572090238	0.16508567262826	0.203074930627318	0.0185769839808614
down	SASH3; LTA; CD3E; CD14; SLC11A1;	GO:0032729~positive regulation of interferon-gamma production	5	46	10.8695652173913	0.00013966638970242	0.00234548447924172	0.203214597017021	0.215784572090238	0.16508567262826	0.203074930627318	0.0185769839808614
down	AQP9; SLC14A1; AQP10;	GO:0071918~urea transmembrane transport	3	8	37.5	0.00014296495634069	0.00237506298436964	0.207728081563032	0.220880857546376	0.167623086686671	0.207728081563032	0.0188112551605695
down	MEFV; SNCA; SLC11A1; IFITM2;	GO:0034341~response to interferon-gamma	4	24	16.6666666666667	0.00015129679650138	0.00248673989994302	0.219682948520015	0.233753550594644	0.174077519922769	0.219682948520015	0.0196957718947453
up	INHBA; AQP1; AQP5; TGFB2;	GO:0042476~odontogenesis	4	33	12.1212121212121	0.00015716860156489	0.00684084048742105	0.180272385994934	0.184201601034056	0.163831353439551	0.180272385994934	0.0522921316750516
up	SERPINE1; SPINK8; SERPINB3; SPINK7; SPOCK1; ITIH5; SERPINB4;	GO:0010951~negative regulation of endopeptidase activity	7	148	4.72972972972973	0.00016197528812989	0.00684084048742105	0.185623680196854	0.189835037688231	0.167140620584933	0.185623680196854	0.0522921316750516
up	CXCL11; RAMP3; CXCL10; PTHLH; CXCL9; ADGRL2;	GO:0007189~adenylate cyclase-activating G protein-coupled receptor signaling pathway	6	103	5.8252427184466	0.00016343304918753	0.00684084048742105	0.187130841319726	0.191543533647789	0.168079146232225	0.187130841319726	0.0522921316750516
down	HCK; ALOX5; ALOX15; NLRP6; BST1; CASP5;	GO:0050727~regulation of inflammatory response	6	78	7.69230769230769	0.00017756568708682	0.00285769777655355	0.257470246275893	0.274338986549141	0.194434427360071	0.257470246275893	0.0226338764067802
down	ITGB2; ICAM2; CD33; ITGAL; ICAM3; ADAM8; CYFIP2; CDH26;	GO:0098609~cell-cell adhesion	8	152	5.26315789473684	0.0001885183953203	0.00298342963717317	0.273163154819119	0.291260920769868	0.202845793364646	0.273163154819119	0.0236297127814339
down	FES; RAC2; ADGRE2;	GO:0043304~regulation of mast cell degranulation	3	9	33.3333333333333	0.00018924019705046	0.00298342963717317	0.274019805329075	0.292376104442971	0.203433211829251	0.274019805329075	0.0236297127814339
down	NCF1B; NCF1C; GMFG; NCF2; ALOX5AP; NCF4;	GO:0043085~positive regulation of catalytic activity	6	81	7.40740740740741	0.00021524362839719	0.00333807713219001	0.311457530290747	0.332551405873673	0.219333257336746	0.311457530290747	0.0264386338773051
down	CCL24; HCK; ALOX15; CCR7; CCL26;	GO:0030838~positive regulation of actin filament polymerization	5	51	9.80392156862745	0.00021821734003313	0.00333807713219001	0.315542273687911	0.337145790351191	0.221054165453564	0.315324056347878	0.0264386338773051
down	SASH3; PF4; CD14; FCER1G; LY96;	GO:0032760~positive regulation of tumor necrosis factor production	5	51	9.80392156862745	0.00021821734003313	0.00333807713219001	0.315542273687911	0.337145790351191	0.221054165453564	0.315324056347878	0.0264386338773051
down	CD3E; CCR7; SKAP1; NINJ1;	GO:0001954~positive regulation of cell-matrix adhesion	4	27	14.8148148148148	0.00022719260801884	0.0034412997979325	0.328066125979212	0.351012579389115	0.226283837586769	0.328066125979212	0.0272561902606157
down	PTPN6; NFAM1; FCRL3;	GO:0045577~regulation of B cell differentiation	3	10	30	0.00024423243162063	0.00359370577956083	0.352427398828582	0.377339106853887	0.236208270743797	0.351938933965341	0.02846329416787
down	HCK; FGR; OLFM4;	GO:0050764~regulation of phagocytosis	3	10	30	0.00024423243162063	0.00359370577956083	0.352427398828582	0.377339106853887	0.236208270743797	0.351938933965341	0.02846329416787
down	MMP9; TNFRSF1B; MMP8;	GO:0150077~regulation of neuroinflammatory response	3	10	30	0.00024423243162063	0.00359370577956083	0.352427398828582	0.377339106853887	0.236208270743797	0.351938933965341	0.02846329416787
down	MPO; DEFA4; GNLY; DEFA3;	GO:0050832~defense response to fungus	4	28	14.2857142857143	0.00025765697082369	0.00375547188606234	0.37102603798612	0.398080019922608	0.244108483442753	0.37102603798612	0.0297445332447946
down	IGLV3-19; ITGB2; ASGR1; CD14; ITGAM; FPR2; HBB; HBA1;	GO:0006898~receptor-mediated endocytosis	8	160	5	0.00026260190677285	0.00379177519592577	0.377884143846135	0.405719945964057	0.247083859324021	0.377884143846135	0.0300320670194812
up	INHBA; CRISP3; CXCL9; TPSAB1; COLEC12;	GO:0006952~defense response	5	72	6.94444444444444	0.00026878611374603	0.0108626663900121	0.307491314125462	0.315017325310351	0.232177437678579	0.307491314125462	0.0830354080398702
down	ORM1; BPI; PTPN6; KLF2;	GO:0032715~negative regulation of interleukin-6 production	4	29	13.7931034482759	0.00029094754558256	0.00416216627708392	0.418382570547728	0.449513957925063	0.263598476297804	0.418382570547728	0.0329656823310408
down	CD3D; CD3E; CD3G;	GO:0045059~positive thymic T cell selection	3	11	27.2727272727273	0.00030859352295487	0.00437410085289242	0.443448892486148	0.476776992965274	0.274031048383924	0.443448892486148	0.0346442716607208
down	SERPINA1; ORM1; PPBP; PF4; ITGA2B; CTSW; FERMT3;	GO:0002576~platelet degranulation	7	124	5.64516129032258	0.00031588654787384	0.00443264714914766	0.453613082746841	0.48804471646509	0.27766427558111	0.453613082746841	0.0351079769707743
down	ALOX15; C5AR1; FPR2; CCR7; NECAB2; GPBAR1; C5AR2; CCL24; CCL26;	GO:0070374~positive regulation of ERK1 and ERK2 cascade	9	209	4.30622009569378	0.00031846202819119	0.00443264714914766	0.456993010454359	0.49202383355539	0.278759960645357	0.456993010454359	0.0351079769707743
down	PRF1; CORO1A; EPHB1;	GO:0001771~immunological synapse formation	3	12	25	0.00038295388317977	0.00528271204922095	0.549155868479791	0.591663749512746	0.304448337127918	0.549155868479791	0.0418407616773519
up	CXCL11; PLAU; CXCL10; FPR3; CXCL9; RARRES2;	GO:0006935~chemotaxis	6	122	4.91803278688525	0.00038944753102698	0.0152144168787876	0.445138527963847	0.456432506363629	0.284284594372667	0.445138527963847	0.116300663967773
down	TYROBP; FCER1G; OSCAR; SNX10;	GO:0030316~osteoclast differentiation	4	32	12.5	0.0004092686407755	0.00559575265485095	0.586481962231301	0.632320049998157	0.314727584756364	0.586481962231301	0.0443201429598185
up	CXCL11; C1QA; CXCL10; INHBA; PTHLH; EDN3; CXCL9; FGF14;	GO:0007267~cell-cell signaling	8	230	3.47826086956522	0.0004188445330785	0.0158350255731613	0.478320456775646	0.490885792768001	0.29540373850957	0.478320456775646	0.121044664595261
down	CCL24; ITGB2; PRKCB; C5AR1; CXCR2; CX3CR1; CCR3;	GO:0045766~positive regulation of angiogenesis	7	131	5.34351145038168	0.00043268154358311	0.00586397355119219	0.619599970411018	0.66849298483591	0.324078476143752	0.619599970411018	0.0464445378721542
up	IL33; INHBA; G0S2; TGFB2;	GO:0097191~extrinsic apoptotic signaling pathway	4	44	9.09090909090909	0.00043445285096566	0.0159118356666173	0.495710702951819	0.509178741331755	0.301409903379758	0.495710702951819	0.121631809336958
down	SLC11A1; BTK; CLEC4A;	GO:0001818~negative regulation of cytokine production	3	13	23.0769230769231	0.00046792290486863	0.00623224903467275	0.669597676867015	0.722940888022039	0.337840337315154	0.669129753962147	0.0493613969764081
down	CD19; CD27; FCER1G;	GO:0016064~immunoglobulin mediated immune response	3	13	23.0769230769231	0.00046792290486863	0.00623224903467275	0.669597676867015	0.722940888022039	0.337840337315154	0.669129753962147	0.0493613969764081
up	CXCL10; SERPINE1; S100A7;	GO:0090026~positive regulation of monocyte chemotaxis	3	18	16.6666666666667	0.00047587892440781	0.0169009121032108	0.542501973824907	0.557730099405957	0.316935363655604	0.542501973824907	0.129192417621004
down	HCK; LY96; BPI; CD14;	GO:0031663~lipopolysaccharide-mediated signaling pathway	4	34	11.7647058823529	0.00050503870021767	0.00660240985071143	0.721700302611057	0.780284791836308	0.351451152439618	0.721700302611057	0.0522931885148949
down	PGLYRP1; DEFA4; GNLY; DEFA3;	GO:0031640~killing of cells of other organism	4	35	11.4285714285714	0.00055845059832471	0.00660240985071143	0.797467454407688	0.862806174411679	0.370252746689284	0.793710700577961	0.0522931885148949
down	LILRA5; ORM1; NLRP12; LILRA2;	GO:0050718~positive regulation of interleukin-1 beta secretion	4	35	11.4285714285714	0.00055845059832471	0.00660240985071143	0.797467454407688	0.862806174411679	0.370252746689284	0.793710700577961	0.0522931885148949
down	MEFV; CD33; CX3CR1;	GO:0032691~negative regulation of interleukin-1 beta production	3	14	21.4285714285714	0.0005640893853035	0.00660240985071143	0.799316002135715	0.871518100293909	0.372298994300311	0.797622390819151	0.0522931885148949
down	ITGB2; ITGAM; C5AR1;	GO:0097242~amyloid-beta clearance	3	14	21.4285714285714	0.0005640893853035	0.00660240985071143	0.799316002135715	0.871518100293909	0.372298994300311	0.797622390819151	0.0522931885148949
up	FN1; ITGA8; BVES; LAMB3;	GO:0034446~substrate adhesion-dependent cell spreading	4	48	8.33333333333333	0.00059064359937299	0.0197781228132901	0.672152416086471	0.692234298465153	0.357339377620663	0.672152416086471	0.1511861304674
down	ITGB2; ITGA2B; ITGAM; ICAM2; ITGAL; ICAM3; MMP25; MMP8; MMP9;	GO:0030198~extracellular matrix organization	9	230	3.91304347826087	0.00061866390069598	0.00718673478628039	0.874172091683422	0.955835726575291	0.39099558523986	0.874172091683422	0.0569212280793228
down	LILRA5; AIF1; IL16; LILRA2;	GO:2000778~positive regulation of interleukin-6 secretion	4	37	10.8108108108108	0.00067710313546842	0.00780689809178148	0.956069627281418	1	0.411001603229335	0.956069627281418	0.0618331189461243
down	TYROBP; ITGB2; ITGAM; SNCA;	GO:1901216~positive regulation of neuron death	4	38	10.5263157894737	0.00074265553911889	0.00849928005880516	1	1	0.433710834845436	0.994582637599822	0.067317004609778
down	ALOX5; ALOX15; ALOX5AP;	GO:0019372~lipoxygenase pathway	3	16	18.75	0.00079226943149701	0.00893471731140796	1	1	0.447895022285932	0.994582637599822	0.070765806312737
down	LCK; ALOX15; SKAP1;	GO:0034116~positive regulation of heterotypic cell-cell adhesion	3	16	18.75	0.00079226943149701	0.00893471731140796	1	1	0.447895022285932	0.994582637599822	0.070765806312737
down	CXCR1; CXCR2; CCR7;	GO:0002407~dendritic cell chemotaxis	3	17	17.6470588235294	0.00092536133605858	0.00956028260589727	1	1	0.475635726734112	0.994582637599822	0.0757204826525556
down	PRF1; GZMH; GZMM;	GO:0019835~cytolysis	3	17	17.6470588235294	0.00092536133605858	0.00956028260589727	1	1	0.475635726734112	0.994582637599822	0.0757204826525556
down	LTA; CXCR5; LTB;	GO:0048535~lymph node development	3	17	17.6470588235294	0.00092536133605858	0.00956028260589727	1	1	0.475635726734112	0.994582637599822	0.0757204826525556
down	CD3E; TRAT1; P2RX5;	GO:0050850~positive regulation of calcium-mediated signaling	3	17	17.6470588235294	0.00092536133605858	0.00956028260589727	1	1	0.475635726734112	0.994582637599822	0.0757204826525556
down	LCK; SIRPG; SIRPB1;	GO:0050870~positive regulation of T cell activation	3	17	17.6470588235294	0.00092536133605858	0.00956028260589727	1	1	0.475635726734112	0.994582637599822	0.0757204826525556
down	TYROBP; CD247; FCER1G;	GO:2000010~positive regulation of protein localization to cell surface	3	17	17.6470588235294	0.00092536133605858	0.00956028260589727	1	1	0.475635726734112	0.994582637599822	0.0757204826525556
down	FCN1; FFAR2; CD14;	GO:2000484~positive regulation of interleukin-8 secretion	3	17	17.6470588235294	0.00092536133605858	0.00956028260589727	1	1	0.475635726734112	0.994582637599822	0.0757204826525556
up	SEMA7A; ITGA8; ADAMTS1; ITGB4; LAMA3;	GO:0007229~integrin-mediated signaling pathway	5	96	5.20833333333333	0.00093323480496332	0.0266768583272443	1	1	0.452618880407212	0.899841870218548	0.203920818047149
down	CD79A; LYL1; ADGRG3; NFAM1; CD79B;	GO:0030183~B cell differentiation	5	72	6.94444444444444	0.00095486656388166	0.00976999232580906	1	1	0.481701235434877	0.994582637599822	0.0773814504150417
down	FCRL3; TNFSF13B; SASH3; BST1;	GO:0030890~positive regulation of B cell proliferation	4	41	9.75609756097561	0.00096609558628624	0.00981985316323845	1	1	0.484013888729407	0.994582637599822	0.0777763641253629
up	CXCL10; CXCL11; CXCL9;	GO:0030595~leukocyte chemotaxis	3	24	12.5	0.00101289111730529	0.0282644854638524	1	1	0.469094319366241	0.899841870218548	0.216056813241169
down	FUT7; SIRPG; SIRPB1;	GO:0022409~positive regulation of cell-cell adhesion	3	18	16.6666666666667	0.00107180817762087	0.0108231610093088	1	1	0.505893459837051	0.994582637599822	0.0857228817635213
down	ICAM2; FCER1G; ICAM3; CLEC4D; CLEC4E; CLEC4A;	GO:0002223~stimulatory C-type lectin receptor signaling pathway	6	112	5.35714285714286	0.00109067928315976	0.0109422044966352	1	1	0.509935604878189	0.994582637599822	0.0866657440918212
up	CYP1A1; CYP2C9; CYP2C19;	GO:0017144~drug metabolic process	3	25	12	0.00112827728497955	0.0287465429999138	1	1	0.486442096303096	0.899841870218548	0.21974171368535
up	CYP2C18; ADH1B; ADH1C;	GO:0042573~retinoic acid metabolic process	3	25	12	0.00112827728497955	0.0287465429999138	1	1	0.486442096303096	0.899841870218548	0.21974171368535
down	RGS2; RGS6; RASGRP4; RGS18;	GO:0008277~regulation of G protein-coupled receptor signaling pathway	4	43	9.30232558139535	0.0011389430808163	0.0112799170503922	1	1	0.519947727419305	0.994582637599822	0.0893405350600854
down	MMP9; MMP8; PRTN3; MMP25;	GO:0030574~collagen catabolic process	4	43	9.30232558139535	0.0011389430808163	0.0112799170503922	1	1	0.519947727419305	0.994582637599822	0.0893405350600854
up	CRISP2; ITGA8; TENM2; CRNN; CDH11; LAMA3;	GO:0098609~cell-cell adhesion	6	152	3.94736842105263	0.0011727276526885	0.0292433363606579	1	1	0.492613185240643	0.899841870218548	0.223539256382492
down	GATA1; PTPN6; CLEC1B;	GO:0030220~platelet formation	3	19	15.7894736842105	0.00123210189953604	0.0118322375949947	1	1	0.537048456068996	0.994582637599822	0.0937150896564551
down	FCN1; IFITM2; TRIM10;	GO:0046597~negative regulation of viral entry into host cell	3	19	15.7894736842105	0.00123210189953604	0.0118322375949947	1	1	0.537048456068996	0.994582637599822	0.0937150896564551
down	SELL; CX3CR1; SELPLG;	GO:0050901~leukocyte tethering or rolling	3	19	15.7894736842105	0.00123210189953604	0.0118322375949947	1	1	0.537048456068996	0.994582637599822	0.0937150896564551
down	ASGR2; FGR; ALOX15; SNX10;	GO:0030282~bone mineralization	4	44	9.09090909090909	0.00123300339986676	0.0118322375949947	1	1	0.537048456068996	0.994582637599822	0.0937150896564551
down	CD3E; CD3G; TREML2; HSH2D;	GO:0042110~T cell activation	4	44	9.09090909090909	0.00123300339986676	0.0118322375949947	1	1	0.537048456068996	0.994582637599822	0.0937150896564551
up	EPHB2; TGFB2; SPRY4;	GO:0046580~negative regulation of Ras protein signal transduction	3	26	11.5384615384615	0.00125163133849326	0.0305606651815439	1	1	0.503824814502914	0.899841870218548	0.233609061735764
up	MUC3A; MUC21; B3GNT6; MUC13;	GO:0016266~O-glycan processing	4	60	6.66666666666667	0.00129344038307122	0.0309369822236627	1	1	0.509615510930061	0.899841870218548	0.236485670297859
down	PF4; ITGA2B; GATA1; NFE2;	GO:0045652~regulation of megakaryocyte differentiation	4	45	8.88888888888889	0.00133236332918685	0.0124254706844142	1	1	0.554263144941729	0.994582637599822	0.0984136846361269
down	LILRA5; CCL24; SNCA; NLRP12; IL16;	GO:0050729~positive regulation of inflammatory response	5	78	6.41025641025641	0.00133792345941719	0.0124254706844142	1	1	0.555238235658134	0.994582637599822	0.0984136846361269
down	PARVG; CYFIP2; RAC2;	GO:0030031~cell projection assembly	3	20	15	0.00140671625220368	0.0125628705760386	1	1	0.566906649638082	0.994582637599822	0.099501935531952
down	TYROBP; ITGAM; SSTR3; DRAXIN;	GO:0030900~forebrain development	4	46	8.69565217391304	0.00143717884017502	0.0127611569429334	1	1	0.57199717838966	0.994582637599822	0.101072426700846
up	S100A7; CXCL9; CXCL10; CXCL11;	GO:0061844~antimicrobial humoral immune response mediated by antimicrobial peptide	4	62	6.45161290322581	0.00145036555511835	0.0324350007535469	1	1	0.531582240253558	0.899841870218548	0.247936687517222
down	LTA; TNFRSF1B; CD27; TNFRSF8; LTB; TNFSF13B;	GO:0033209~tumor necrosis factor-mediated signaling pathway	6	120	5	0.00152758843303702	0.0134097961877397	1	1	0.586593958286215	0.994582637599822	0.106209856074935
down	LCK; RAC2; CD19; CCR7; CX3CR1; ADAM8; TRAT1;	GO:0051897~positive regulation of protein kinase B signaling	7	165	4.24242424242424	0.00157335344435849	0.0136999198822897	1	1	0.592619099260908	0.994582637599822	0.108507728123897
down	SASH3; CD3E; FCER1G;	GO:0032753~positive regulation of interleukin-4 production	3	21	14.2857142857143	0.0015961071707522	0.0136999198822897	1	1	0.595347974690572	0.994582637599822	0.108507728123897
down	TYROBP; AZU1; TNFRSF8;	GO:0042535~positive regulation of tumor necrosis factor biosynthetic process	3	21	14.2857142857143	0.0015961071707522	0.0136999198822897	1	1	0.595347974690572	0.994582637599822	0.108507728123897
down	NCR3; SH2D1A; CD160;	GO:0045954~positive regulation of natural killer cell mediated cytotoxicity	3	21	14.2857142857143	0.0015961071707522	0.0136999198822897	1	1	0.595347974690572	0.994582637599822	0.108507728123897
up	CXCL11; CXCL10; CXCL9; CCL19;	GO:0070098~chemokine-mediated signaling pathway	4	70	5.71428571428571	0.00221132149686243	0.0450567835902844	1	1	0.619600873501614	0.899841870218548	0.344418973763515
down	PF4; SLC11A1; TSPAN32;	GO:0042832~defense response to protozoan	3	24	12.5	0.00225723919299803	0.0184520346729204	1	1	0.672230420343872	0.994582637599822	0.146145990547744
down	CD1D; FPR2; ADAM8;	GO:0045089~positive regulation of innate immune response	3	25	12	0.00250995228061257	0.0197896411602323	1	1	0.694499781861867	0.994582637599822	0.156740259879904
up	KRT20; TGM3; KRT31; LCE3E; KRT40; KRTAP3-2;	GO:0031424~keratinization	6	181	3.31491712707182	0.0027414202556979	0.05105069326128	1	1	0.654184674195038	0.899841870218548	0.39023707379675
up	CFD; FN1; SERPINE1; TGFB2; RARRES2;	GO:0002576~platelet degranulation	5	124	4.03225806451613	0.00274419255585379	0.05105069326128	1	1	0.654184674195038	0.899841870218548	0.39023707379675
down	NCF1; NCF2; SNCA; AIF1; NCF4;	GO:0034599~cellular response to oxidative stress	5	94	5.31914893617021	0.00290375445517099	0.0224315031661959	1	1	0.719789995233701	0.994582637599822	0.177664648252024
up	CXCL10; EDN3; ELN;	GO:0008015~blood circulation	3	36	8.33333333333333	0.00296492855368558	0.0526499434078711	1	1	0.667937715963288	0.899841870218548	0.402461916548261
up	SEMA7A; FN1; MAP1B;	GO:0045773~positive regulation of axon extension	3	36	8.33333333333333	0.00296492855368558	0.0526499434078711	1	1	0.667937715963288	0.899841870218548	0.402461916548261
down	LCK; HCK; CD247;	GO:0050690~regulation of defense response to virus by virus	3	27	11.1111111111111	0.00306614044468212	0.0234514207278905	1	1	0.726913421371749	0.994582637599822	0.185742720127189
down	FGR; CLEC4E; CD14;	GO:0050715~positive regulation of cytokine secretion	3	27	11.1111111111111	0.00306614044468212	0.0234514207278905	1	1	0.726913421371749	0.994582637599822	0.185742720127189
up	SEMA7A; SCGB1A1; ACE2; BCL6B;	GO:0050727~regulation of inflammatory response	4	78	5.12820512820513	0.00321048430169957	0.0561595164416701	1	1	0.683833156262008	0.899841870218548	0.429289476048309
down	ITGB2; ITGAL; FERMT3;	GO:0007159~leukocyte cell-cell adhesion	3	28	10.7142857142857	0.00337031342718885	0.0242192290465432	1	1	0.738098640554359	0.994582637599822	0.191824006514808
down	ITGB2; MMP9; MMP8;	GO:0035987~endodermal cell differentiation	3	28	10.7142857142857	0.00337031342718885	0.0242192290465432	1	1	0.738098640554359	0.994582637599822	0.191824006514808
down	SASH3; GATA1; CORO1A;	GO:0048873~homeostasis of number of cells within a tissue	3	28	10.7142857142857	0.00337031342718885	0.0242192290465432	1	1	0.738098640554359	0.994582637599822	0.191824006514808
up	SERPINE1; FGF1; AQP1; APLNR; HMGA2;	GO:0045766~positive regulation of angiogenesis	5	131	3.81679389312977	0.00344245364581985	0.0593317010720716	1	1	0.698526898973111	0.899841870218548	0.453538001751481
down	SLC4A1; ANK1; FCER1G; SKAP1; TESC; PRAM1;	GO:0072659~protein localization to plasma membrane	6	144	4.16666666666667	0.00365087424754063	0.0260485050826529	1	1	0.748383590547565	0.994582637599822	0.206312455242624
up	LAMB3; LAMC2; LAMA3;	GO:0009888~tissue development	3	39	7.69230769230769	0.0036643502902125	0.0613516934304151	1	1	0.711196178603641	0.899841870218548	0.468979043912795
down	ITGB2; CD1D; LILRB2;	GO:0034113~heterotypic cell-cell adhesion	3	29	10.3448275862069	0.00369231237093914	0.0260485050826529	1	1	0.749539411300646	0.994582637599822	0.206312455242624
down	CD14; CD300LF; LY96;	GO:0035666~TRIF-dependent toll-like receptor signaling pathway	3	29	10.3448275862069	0.00369231237093914	0.0260485050826529	1	1	0.749539411300646	0.994582637599822	0.206312455242624
down	EPB42; SLC11A1; SLC25A37;	GO:0055072~iron ion homeostasis	3	29	10.3448275862069	0.00369231237093914	0.0260485050826529	1	1	0.749539411300646	0.994582637599822	0.206312455242624
up	CYP1A1; INHBA; AQP1; MAP1B; TGFB2; TFAP2B;	GO:0042493~response to drug	6	193	3.10880829015544	0.00371945095848969	0.061397134131689	1	1	0.71413458403002	0.899841870218548	0.469326397595255
up	FN1; FGF1; TGFB2; SPRR3;	GO:0042060~wound healing	4	82	4.8780487804878	0.00380950954265691	0.062010349777693	1	1	0.718645696677395	0.899841870218548	0.474013884953717
down	HCK; BMX; BTK;	GO:0007498~mesoderm development	3	30	10	0.00403244885351151	0.0276457958780867	1	1	0.761358642795482	0.994582637599822	0.218963506989999
down	ASGR1; ASGR2; ST6GAL1;	GO:0018279~protein N-linked glycosylation via asparagine	3	30	10	0.00403244885351151	0.0276457958780867	1	1	0.761358642795482	0.994582637599822	0.218963506989999
down	S1PR4; C5AR1; RASGRP4;	GO:0007202~activation of phospholipase C activity	3	31	9.67741935483871	0.00439102008134173	0.029754938709092	1	1	0.772852124360604	0.994582637599822	0.235668589855268
down	FGR; CD19; CCR7;	GO:0043552~positive regulation of phosphatidylinositol 3-kinase activity	3	31	9.67741935483871	0.00439102008134173	0.029754938709092	1	1	0.772852124360604	0.994582637599822	0.235668589855268
down	NCF1; NCF2; NCF4; CYFIP2;	GO:0048010~vascular endothelial growth factor receptor signaling pathway	4	64	6.25	0.00443007768803982	0.029758565339224	1	1	0.774957904079982	0.994582637599822	0.235697313920792
down	CD14; MMP8; CD27; NLRP12;	GO:1901224~positive regulation of NIK/NF-kappaB signaling	4	64	6.25	0.00443007768803982	0.029758565339224	1	1	0.774957904079982	0.994582637599822	0.235697313920792
down	CD14; BTK; LY96;	GO:0002755~MyD88-dependent toll-like receptor signaling pathway	3	32	9.375	0.00476830920311677	0.0317562321181961	1	1	0.785013650769061	0.994582637599822	0.251519470955087
down	ELANE; MMP9; MMP8; ADAM8;	GO:0022617~extracellular matrix disassembly	4	66	6.06060606060606	0.00491245273543617	0.0317562321181961	1	1	0.788511929070171	0.994582637599822	0.251519470955087
down	ITGB2; PRKCB; CX3CR1; ADAM8; BTK; CARD16;	GO:0051092~positive regulation of NF-kappaB transcription factor activity	6	154	3.8961038961039	0.00499221175383191	0.0321373631652929	1	1	0.790339387884184	0.994582637599822	0.254538150216957
up	CXCL10; THBS2; TGFB2; ADAMTS1;	GO:0016525~negative regulation of angiogenesis	4	89	4.49438202247191	0.00503203648077832	0.0747348128039633	1	1	0.772884618669477	0.899841870218548	0.571281069781016
up	EDN3; EDNRB; SEMA7A;	GO:0001755~neural crest cell migration	3	44	6.81818181818182	0.00503758550470401	0.0747348128039633	1	1	0.772884618669477	0.899841870218548	0.571281069781016
up	CYP1A1; CYP2C9; CYP2C19;	GO:0008202~steroid metabolic process	3	44	6.81818181818182	0.00503758550470401	0.0747348128039633	1	1	0.772884618669477	0.899841870218548	0.571281069781016
up	CYP1A1; ADH1C; ADH1B;	GO:0042572~retinol metabolic process	3	44	6.81818181818182	0.00503758550470401	0.0747348128039633	1	1	0.772884618669477	0.899841870218548	0.571281069781016
down	PROK2; PCSK1N; PTGDR2; SSTR3; PNOC;	GO:0007218~neuropeptide signaling pathway	5	108	4.62962962962963	0.00510306039630359	0.0327146402999546	1	1	0.793185201609822	0.994582637599822	0.25911036895387
down	ADAM8; CCL26; CCL24;	GO:0048247~lymphocyte chemotaxis	3	33	9.09090909090909	0.00516458561789723	0.0329722511555836	1	1	0.795155945998636	0.994582637599822	0.261150728965062
up	CDH22; PCDHGB4; CDH11;	GO:0016339~calcium-dependent cell-cell adhesion via plasma membrane cell adhesion molecules	3	45	6.66666666666667	0.00534446101515074	0.0762454583201304	1	1	0.780291308212008	0.899841870218548	0.582828609062336
down	NCF1; MMP9; BTK;	GO:0034614~cellular response to reactive oxygen species	3	34	8.82352941176471	0.00558010527736119	0.0353330436619797	1	1	0.804837227808684	0.994582637599822	0.279848957395734
up	CFD; C1QA; C1QB; C1QC;	GO:0006956~complement activation	4	92	4.34782608695652	0.00562788595602548	0.0762454583201304	1	1	0.786696853501954	0.899841870218548	0.582828609062336
up	CYP1A1; G0S2; ACER1; PSAPL1;	GO:0019216~regulation of lipid metabolic process	4	92	4.34782608695652	0.00562788595602548	0.0762454583201304	1	1	0.786696853501954	0.899841870218548	0.582828609062336
up	C1QB; TGFB2; TIFAB;	GO:0048839~inner ear development	3	46	6.52173913043478	0.00566233836410934	0.0762454583201304	1	1	0.787065032611199	0.899841870218548	0.582828609062336
up	SEMA7A; C1QC; CD1A; CD1E; CCL19; CXCL10; RAET1G; CXCL9; CXCL11;	GO:0006955~immune response	9	433	2.07852193995381	0.00588275235036351	0.0762454583201304	1	1	0.792466632720877	0.899841870218548	0.582828609062336
up	CEACAM5; LGALS7; TENM2;	GO:0007157~heterophilic cell-cell adhesion via plasma membrane cell adhesion molecules	3	47	6.38297872340426	0.00599132003126313	0.0762454583201304	1	1	0.794921411515838	0.899841870218548	0.582828609062336
up	FGF1; TGFB2; GKN1;	GO:0051781~positive regulation of cell division	3	47	6.38297872340426	0.00599132003126313	0.0762454583201304	1	1	0.794921411515838	0.899841870218548	0.582828609062336
down	CD300C; VSTM1; CD300LF;	GO:0002376~immune system process	3	35	8.57142857142857	0.00601511098406671	0.0367325947445971	1	1	0.816088447209551	0.994582637599822	0.290933847648594
up	ITGA8; TGFB2; TFAP2B; ADAMTS1;	GO:0001822~kidney development	4	94	4.25531914893617	0.0060501942182356	0.0762454583201304	1	1	0.796182582272882	0.899841870218548	0.582828609062336
down	GMPR; PCSK1N; UCP2;	GO:0009409~response to cold	3	36	8.33333333333333	0.00646983268292023	0.039353903524062	1	1	0.827740195456404	0.994582637599822	0.311695447921794
down	KCNA3; CACNA1E; CATSPER1; HVCN1; KCNJ2;	GO:0034765~regulation of ion transmembrane transport	5	115	4.34782608695652	0.00655758498495307	0.0397312502029509	1	1	0.829266796122713	0.994582637599822	0.314684153782349
up	NUAK1; PRLR; LAMA3;	GO:0030155~regulation of cell adhesion	3	49	6.12244897959184	0.00668298563235226	0.082932327098582	1	1	0.81019559068448	0.899841870218548	0.633943764181003
up	CLDN17; FXYD3; CLIC6; GABRA4;	GO:1902476~chloride transmembrane transport	4	97	4.12371134020619	0.00672233026822977	0.082932327098582	1	1	0.811754180395566	0.899841870218548	0.633943764181003
down	CCL24; DYSF; CCR3; CCL26;	GO:0001938~positive regulation of endothelial cell proliferation	4	73	5.47945205479452	0.00687531181565215	0.0399340400205816	1	1	0.837262297933313	0.994582637599822	0.316290313715168
down	DOK2; GRAP2; DOK3; RASGRP2;	GO:0007265~Ras protein signal transduction	4	73	5.47945205479452	0.00687531181565215	0.0399340400205816	1	1	0.837262297933313	0.994582637599822	0.316290313715168
down	PRKCB; CORO1A; CATSPER1; CACNA1E;	GO:0006816~calcium ion transport	4	74	5.40540540540541	0.0071922369850721	0.041618000531597	1	1	0.844271120797073	0.994582637599822	0.329627817209392
up	SRRM4; ENC1; INHBA; EDNRB; EPHB2; SPOCK1; FGF14;	GO:0007399~nervous system development	7	294	2.38095238095238	0.00728431813481412	0.0877227176218997	1	1	0.823623440503066	0.899841870218548	0.670562032430477
up	PLAU; FGF1; SERPINB3; MCAM; LAMC2; SEMA7A;	GO:0030335~positive regulation of cell migration	6	226	2.65486725663717	0.00772925633278054	0.0879484312817359	1	1	0.834759683940299	0.899841870218548	0.672287412293187
up	GABRA4; BVES; HTR3B; PIEZO2;	GO:0042391~regulation of membrane potential	4	102	3.92156862745098	0.00794908644291348	0.0895800895297557	1	1	0.839305758339264	0.899841870218548	0.684759986110839
down	RGS6; NLRP12; RGS18;	GO:0009968~negative regulation of signal transduction	3	39	7.69230769230769	0.00795440632764366	0.0451040326772691	1	1	0.862452831873062	0.994582637599822	0.35723830190885
down	PTPN6; RGS2; CD300A;	GO:0043407~negative regulation of MAP kinase activity	3	39	7.69230769230769	0.00795440632764366	0.0451040326772691	1	1	0.862452831873062	0.994582637599822	0.35723830190885
up	ARHGEF15; CALML3; CALML5;	GO:0050790~regulation of catalytic activity	3	53	5.66037735849057	0.00820362724694812	0.0904732675298903	1	1	0.844678672560438	0.899841870218548	0.691587536274913
up	RAMP3; AGR2; EPHB2;	GO:1903078~positive regulation of protein localization to plasma membrane	3	53	5.66037735849057	0.00820362724694812	0.0904732675298903	1	1	0.844678672560438	0.899841870218548	0.691587536274913
down	CCL24; FGR; MMP9; CORO1A; AIF1; FERMT3; CCL26;	GO:0030335~positive regulation of cell migration	7	226	3.09734513274336	0.00824240175339253	0.0464763164561732	1	1	0.869400314967139	0.994582637599822	0.368107226433193
up	CXCL10; SERPINE1; EDNRB; CXCL11; CXCL9;	GO:0071222~cellular response to lipopolysaccharide	5	163	3.06748466257669	0.00831114558815882	0.0904732675298903	1	1	0.846555955842535	0.899841870218548	0.691587536274913
down	FES; HCK; FGR; BMX; EPHB1; BTK;	GO:0046777~protein autophosphorylation	6	173	3.46820809248555	0.0084861223794942	0.0476765784593401	1	1	0.874070605087902	0.994582637599822	0.37761368371441
up	SEMA7A; TRIL; CCL19; RARRES2; CXCL9; FPR3; CXCL11; CXCL10;	GO:0006954~inflammatory response	8	381	2.0997375328084	0.00865755367485688	0.0914112874498402	1	1	0.852469398181141	0.899841870218548	0.698757862970593
down	NCF1; MMP8; CD27; CCR7;	GO:0046330~positive regulation of JNK cascade	4	81	4.93827160493827	0.00968252392221736	0.0530478704249142	1	1	0.890792200843997	0.994582637599822	0.420156026537015
up	EPHB2; ITGA8; TIFAB;	GO:0042472~inner ear morphogenesis	3	57	5.26315789473684	0.00991155127352195	0.0974308790385487	1	1	0.862862651763348	0.899841870218548	0.744772278387177
up	ELN; LAMC2; LAMB3; LAMA3;	GO:0009887~animal organ morphogenesis	4	111	3.6036036036036	0.0105099076089272	0.0974308790385487	1	1	0.866682881921686	0.899841870218548	0.744772278387177
down	RUNDC3A; RGL4; SH2D3C; RASGRP4;	GO:0007264~small GTPase mediated signal transduction	4	85	4.70588235294118	0.0113284242907654	0.0601457578324143	1	1	0.90772941861438	0.994582637599822	0.47637355508349
up	CFD; PLAU; PIGR; TCN1; SERPINB3; S100A7; CRISP3; FLG2; CALML5;	GO:0043312~neutrophil degranulation	9	483	1.86335403726708	0.0113591734257912	0.0974308790385487	1	1	0.871977398084792	0.899841870218548	0.744772278387177
down	LCK; SNCA; NLRP12; CASP5;	GO:0006919~activation of cysteine-type endopeptidase activity involved in apoptotic process	4	87	4.59770114942529	0.0122147159683428	0.0631161744852495	1	1	0.91253221977107	0.994582637599822	0.499900200885061
down	FGR; NCF1; PTPN6; HCST;	GO:0014068~positive regulation of phosphatidylinositol 3-kinase signaling	4	87	4.59770114942529	0.0122147159683428	0.0631161744852495	1	1	0.91253221977107	0.994582637599822	0.499900200885061
down	ITGAL; CEACAM8; JAML;	GO:0007157~heterophilic cell-cell adhesion via plasma membrane cell adhesion molecules	3	47	6.38297872340426	0.0128267599830989	0.0658383527371688	1	1	0.915256196546506	0.994582637599822	0.52146071950137
down	CD160; PF4; ALOX5; CX3CR1;	GO:0016525~negative regulation of angiogenesis	4	89	4.49438202247191	0.0131441963512604	0.0665828962711388	1	1	0.917211872180152	0.994582637599822	0.527357741385772
down	CD3E; SSTR3; AIF1;	GO:0021549~cerebellum development	3	48	6.25	0.0135317071425668	0.0683218546904108	1	1	0.9192917176953	0.994582637599822	0.541130845827139
down	CCL24; SPTB; ANK1; EPB42; TSPAN32;	GO:0007010~cytoskeleton organization	5	139	3.59712230215827	0.0137159298042044	0.0690264219788139	1	1	0.9192917176953	0.994582637599822	0.546711243116459
up	MMP12; TPSAB1; HTRA1;	GO:0022617~extracellular matrix disassembly	3	66	4.54545454545455	0.0144596125056471	0.0974308790385487	1	1	0.889909917203083	0.899841870218548	0.744772278387177
down	CD79B; SLC11A1; TMEM229B; NLRP6;	GO:0009617~response to bacterium	4	92	4.34782608695652	0.0146208653304147	0.0699522068095308	1	1	0.923874428152405	0.994582637599822	0.554043753786285
up	C1QA; C1QB; C1QC; S100B; S100A7; CRISP3; COLEC12; TRIL; RARRES2;	GO:0045087~innate immune response	9	505	1.78217821782178	0.0147143904350027	0.0974308790385487	1	1	0.89039647265262	0.899841870218548	0.744772278387177
up	SCNN1G; TGFBI; MYO3A;	GO:0050896~response to stimulus	3	68	4.41176470588235	0.0156054304673854	0.101047317722518	1	1	0.891960400883275	0.899841870218548	0.772416730586374
down	PRKCB; ELANE; SLC24A4; ATP13A5;	GO:0006874~cellular calcium ion homeostasis	4	94	4.25531914893617	0.0156611978162664	0.0699522068095308	1	1	0.929123714675999	0.994582637599822	0.554043753786285
down	TNFRSF1B; SNCA; KIR3DL2;	GO:1901215~negative regulation of neuron death	3	51	5.88235294117647	0.0157768085984844	0.0699522068095308	1	1	0.930557547569017	0.994582637599822	0.554043753786285
down	ITGB2; ITGA2B; ITGAL; PARVG;	GO:0007160~cell-matrix adhesion	4	96	4.16666666666667	0.0167469290159659	0.0699522068095308	1	1	0.935196418693489	0.994582637599822	0.554043753786285
up	ID4; HMGA2; TFAP2B;	GO:0045444~fat cell differentiation	3	70	4.28571428571429	0.0168009598947401	0.104746509307349	1	1	0.894326343591188	0.899841870218548	0.800693754996014
down	CD3G; PARVG; RAC2;	GO:0007163~establishment or maintenance of cell polarity	3	53	5.66037735849057	0.0173827610168151	0.0699522068095308	1	1	0.938604568907386	0.994582637599822	0.554043753786285
down	MMP8; FCER1G; LILRB2;	GO:0032755~positive regulation of interleukin-6 production	3	53	5.66037735849057	0.0173827610168151	0.0699522068095308	1	1	0.938604568907386	0.994582637599822	0.554043753786285
down	PTPN6; CCR7; NLRP12;	GO:0071345~cellular response to cytokine stimulus	3	53	5.66037735849057	0.0173827610168151	0.0699522068095308	1	1	0.938604568907386	0.994582637599822	0.554043753786285
up	AGR2; SRPX; ERN2;	GO:0034976~response to endoplasmic reticulum stress	3	74	4.05405405405405	0.0193418189612777	0.104746509307349	1	1	0.899478841043977	0.899841870218548	0.800693754996014
up	CYP1A1; SCGB1A1; IDO1; S100A7;	GO:0032496~response to lipopolysaccharide	4	138	2.89855072463768	0.0211801353692446	0.104746509307349	1	1	0.899841870218548	0.899841870218548	0.800693754996014
up	HMGA2; L3MBTL4; PADI3; HIST1H2AH;	GO:0006325~chromatin organization	4	139	2.87769784172662	0.0216670454460902	0.104746509307349	1	1	0.899841870218548	0.899841870218548	0.800693754996014
up	SERPINE1; S100A7; RARRES2;	GO:0050829~defense response to Gram-negative bacterium	3	80	3.75	0.0235290083260422	0.109974135872015	1	1	0.899841870218548	0.899841870218548	0.840654303289775
up	EDNRB; CALML5; CALML3;	GO:0019722~calcium-mediated signaling	3	85	3.52941176470588	0.0273630948100487	0.109974135872015	1	1	0.899841870218548	0.899841870218548	0.840654303289775
up	SCGB1A1; PTHLH; IDO1;	GO:0007565~female pregnancy	3	86	3.48837209302326	0.0281674302839263	0.109974135872015	1	1	0.899841870218548	0.899841870218548	0.840654303289775
up	TGFB2; LAMB3; ITGB4; LAMA3; CLEC14A;	GO:0016477~cell migration	5	225	2.22222222222222	0.028248951430513	0.109974135872015	1	1	0.899841870218548	0.899841870218548	0.840654303289775
down	DYSF; CD160; CXCR3; EPHB1; ADAM8; PROK2;	GO:0001525~angiogenesis	6	230	2.60869565217391	0.0288753980217884	0.0840063972832834	1	1	0.983246519608083	0.994582637599822	0.665357417809883
down	CACNA1E; CATSPER1; SLC24A4; TRPM6;	GO:0070588~calcium ion transmembrane transport	4	115	3.47826086956522	0.0294163628984703	0.0852688192835583	1	1	0.985002316964526	0.994582637599822	0.675356202062668
down	GRAP2; IGLV3-19; FCER1G; BTK; LAT2;	GO:0038095~Fc-epsilon receptor signaling pathway	5	171	2.92397660818713	0.0295559860179231	0.0855131056136539	1	1	0.985002316964526	0.994582637599822	0.677291027588521
down	ROPN1L; SLC26A8; CATSPER1;	GO:0030317~flagellated sperm motility	3	66	4.54545454545455	0.0299675398928959	0.0865417740832228	1	1	0.986871391569772	0.994582637599822	0.685438409440725
up	CXCL10; SPEG; BVES;	GO:0007517~muscle organ development	3	89	3.37078651685393	0.0306551934794892	0.114434146572436	1	1	0.899841870218548	0.899841870218548	0.874747112097031
up	INHBA; PTHLH; TGFB2; SPEG; TFAP2B; ADAMTS1; FBXO2;	GO:0008285~negative regulation of cell population proliferation	7	396	1.76767676767677	0.0306589778359599	0.114434146572436	1	1	0.899841870218548	0.899841870218548	0.874747112097031
down	CD14; BTK; LY96;	GO:0007249~I-kappaB kinase/NF-kappaB signaling	3	67	4.47761194029851	0.0310894094671668	0.0894471836625189	1	1	0.988865071148701	0.994582637599822	0.708450178518759
down	NLRP6; NLRP12; TBC1D10C;	GO:0070373~negative regulation of ERK1 and ERK2 cascade	3	67	4.47761194029851	0.0310894094671668	0.0894471836625189	1	1	0.988865071148701	0.994582637599822	0.708450178518759
up	FN1; S100B; CDC42EP5; BVES;	GO:0008360~regulation of cell shape	4	159	2.51572327044025	0.0328564598545179	0.119941318893774	1	1	0.899841870218548	0.899841870218548	0.916844538679934
down	RAC2; TMOD1; CORO1A; MYO1F;	GO:0007015~actin filament organization	4	121	3.30578512396694	0.0343318308265088	0.0942764145883262	1	1	0.994582637599822	0.994582637599822	0.746699225290369
down	FFAR2; DYSF; RETN;	GO:0045444~fat cell differentiation	3	70	4.28571428571429	0.0345855483573885	0.0942764145883262	1	1	0.994582637599822	0.994582637599822	0.746699225290369
down	TYROBP; PF4; CD3E; AZU1; MMP8; SLC11A1; TESC; NAT8B;	GO:0010628~positive regulation of gene expression	8	374	2.13903743315508	0.0349108555176348	0.0942764145883262	1	1	0.994582637599822	0.994582637599822	0.746699225290369
down	FPR1; C5AR1; PROK2; PDE6G;	GO:0000187~activation of MAPK activity	4	122	3.27868852459016	0.0351946157605263	0.0942764145883262	1	1	0.994582637599822	0.994582637599822	0.746699225290369
up	PLAU; CYP1A1; TGFB2; CYGB;	GO:0001666~response to hypoxia	4	163	2.45398773006135	0.0354313765229629	0.119941318893774	1	1	0.899841870218548	0.899841870218548	0.916844538679934
up	CEACAM5; CDH22; PCDHGB4; CDH11;	GO:0007156~homophilic cell adhesion via plasma membrane adhesion molecules	4	165	2.42424242424242	0.0367614198913472	0.121023550878255	1	1	0.899841870218548	0.899841870218548	0.925117238144208
down	GMFG; SNCA; TESC;	GO:0006469~negative regulation of protein kinase activity	3	72	4.16666666666667	0.0370244203517847	0.0942764145883262	1	1	0.994582637599822	0.994582637599822	0.746699225290369
down	CD27; SNCA; CARD16;	GO:0043154~negative regulation of cysteine-type endopeptidase activity involved in apoptotic process	3	72	4.16666666666667	0.0370244203517847	0.0942764145883262	1	1	0.994582637599822	0.994582637599822	0.746699225290369
up	PTHLH; EDN3; TSPAN8; CRNN;	GO:0010468~regulation of gene expression	4	166	2.40963855421687	0.0374371030339133	0.122902758419458	1	1	0.899841870218548	0.899841870218548	0.939482105790224
up	PRLR; G0S2; MFAP2;	GO:0120162~positive regulation of cold-induced thermogenesis	3	97	3.09278350515464	0.0378332886163061	0.123856464408689	1	1	0.899841870218548	0.899841870218548	0.94677233851234
down	TCL1A; KLF2; CCL26; CCL24;	GO:0071356~cellular response to tumor necrosis factor	4	125	3.2	0.0378578775565804	0.0942764145883262	1	1	0.994582637599822	0.994582637599822	0.746699225290369
down	NCF1; NCF2; NCF4;	GO:0002479~antigen processing and presentation of exogenous peptide antigen via MHC class I, TAP-dependent	3	75	4	0.0408433407764281	0.0996685047569453	1	1	0.994582637599822	0.994582637599822	0.789406296504152
down	CORO1A; BST1; RAC2;	GO:0032956~regulation of actin cytoskeleton organization	3	77	3.8961038961039	0.0434953138296836	0.104781705074357	1	1	0.994582637599822	0.994582637599822	0.829904471285596
up	CYP1A1; HMGA2; CCL19;	GO:0009615~response to virus	3	104	2.88461538461538	0.0447532766119547	0.130474726838833	1	1	0.899841870218548	0.899841870218548	0.997363059213037
down	GATA1; CD33; TNFRSF8; PTPN6; SSTR3; TESC; TSPAN32; SIRPG;	GO:0008285~negative regulation of cell population proliferation	8	396	2.02020202020202	0.0458581843376439	0.104781705074357	1	1	0.994582637599822	0.994582637599822	0.829904471285596
down	TNFRSF8; CASP5; KCNJ2;	GO:0071260~cellular response to mechanical stimulus	3	79	3.79746835443038	0.0462311744574374	0.104781705074357	1	1	0.994582637599822	0.994582637599822	0.829904471285596
down	FCHO1; CD3D; CD3G; KIAA0319;	GO:0061024~membrane organization	4	134	2.98507462686567	0.0465227740916647	0.104781705074357	1	1	0.994582637599822	0.994582637599822	0.829904471285596
down	KLF2; CCL26; CCL24;	GO:0071347~cellular response to interleukin-1	3	81	3.7037037037037	0.0490500472819392	0.107188575743417	1	1	0.994582637599822	0.994582637599822	0.848967653437878
down	PRF1; AZU1; DEFA3; IFITM2; IFIT1B;	GO:0051607~defense response to virus	5	198	2.52525252525253	0.0493919885301763	0.10778336480102	1	1	0.994582637599822	0.994582637599822	0.853678572181052
